scenario,algorithm,avg_efficiency_pct,min_efficiency_pct,final_efficiency_pct,avg_power_w,avg_ideal_power_w,mean_abs_power_error_w,mean_duty,std_duty
constant,P&O,99.56120950032177,87.69022349076977,99.7303600346416,67.64748025110478,67.94561917298337,0.2981389218785877,0.5778794589264783,0.013078004725868496
constant,Incremental Conductance,99.69644098596201,87.42561907058217,99.99487920267552,67.73936412133985,67.94561917298337,0.20625505164352034,0.5779967359050445,0.011548957206527457
step,P&O,96.62570903995955,63.955367825193484,99.9525589475229,50.44371094834698,52.00894667625907,1.565235727912092,0.5031101399490348,0.06914524513132525
step,Incremental Conductance,97.54018336640982,62.04712587237895,99.9731767521014,50.88744509939737,52.00894667625907,1.121501576861705,0.5013708918705604,0.06963122124638813
ramp,P&O,95.47616621288526,73.41789468478305,97.7316961191545,47.06299053673116,48.93320191007621,1.870211373345048,0.49091199391108414,0.08535440237682689
ramp,Incremental Conductance,95.87854636342233,73.85232489500054,94.60932355210552,47.018813725623055,48.93320191007621,1.91438818445315,0.44943999999941253,0.10707746991129936
